{
	"pattrstorage" : 	{
		"name" : "seq2_help",
		"slots" : 		{
			"1" : 			{
				"id" : 1,
				"data" : 				{
					"MLE.seq2::seq1" : [ 3, 8, 1, 0, 5, 0, 1000, 3000, 4000, 6000, 2, 2, 2, 2, 2, 2, 2, 2 ],
					"MLE.seq2::seq2" : [ 3, 8, 1, 0, 5, 1000, 2000, 4000, 5000, 7000, 2, 2, 2, 2, 2, 2, 2, 2 ],
					"MLE.seq2::seq3" : [ 3, 8, 1, 0, 5, 0, 1000, 3000, 4000, 6000, 2, 2, 2, 2, 2, 2, 2, 2 ],
					"MLE.seq2::seq4" : [ 3, 8, 1, 0, 5, 0, 2000, 3000, 5000, 6000, 2, 2, 2, 2, 2, 2, 2, 2 ],
					"MLE.seq2::swing" : [ 0.28421052631579 ],
					"MLE.seq2::amp" : [ 0.6 ],
					"MLE.seq2::numBeats" : [ 32 ],
					"MLE.seq2[1]::seq1" : [ 3, 8, 1, 0, 3, 0, 2000, 6000, 2, 2, 2, 2, 2, 2, 2, 2 ],
					"MLE.seq2[1]::seq2" : [ 3, 8, 1, 0, 2, 0, 4000, 2, 2, 2, 2, 2, 2, 2, 2 ],
					"MLE.seq2[1]::seq3" : [ 3, 8, 1, 0, 2, 0, 4000, 2, 2, 2, 2, 2, 2, 2, 2 ],
					"MLE.seq2[1]::seq4" : [ 3, 8, 1, 0, 2, 0, 6000, 2, 2, 2, 2, 2, 2, 2, 2 ],
					"MLE.seq2[1]::swing" : [ 0.473684210526316 ],
					"MLE.seq2[1]::amp" : [ 0.726315789473684 ],
					"MLE.seq2[1]::numBeats" : [ 32 ],
					"MLE.seq::endStep" : [ 7 ],
					"MLE.seq::startStep" : [ 8 ],
					"MLE.seq::enable" : [ 3, 16, 1, 0, 16, 0, 1000, 2000, 3000, 4000, 5000, 6000, 7000, 8000, 9000, 10000, 11000, 12000, 13000, 14000, 15000, 2, 2, 2, 2, 2, 2, 2, 2, 2, 2, 2, 2, 2, 2, 2, 2 ],
					"MLE.seq::seq" : [ 4, 1, 0, 0, 2, 1, 0, 3, 0, 6, 0, 0, 2, 0, 7, 0 ]
				}

			}
,
			"2" : 			{
				"id" : 2,
				"data" : 				{
					"MLE.seq2::seq1" : [ 3, 8, 1, 0, 4, 1000, 3000, 5000, 6000, 2, 2, 2, 2, 2, 2, 2, 2 ],
					"MLE.seq2::seq2" : [ 3, 8, 1, 0, 4, 1000, 2000, 5000, 7000, 2, 2, 2, 2, 2, 2, 2, 2 ],
					"MLE.seq2::seq3" : [ 3, 8, 1, 0, 4, 1000, 3000, 5000, 6000, 2, 2, 2, 2, 2, 2, 2, 2 ],
					"MLE.seq2::seq4" : [ 3, 8, 1, 0, 5, 1000, 2000, 5000, 6000, 7000, 2, 2, 2, 2, 2, 2, 2, 2 ],
					"MLE.seq2::swing" : [ 0.28421052631579 ],
					"MLE.seq2::amp" : [ 0.6 ],
					"MLE.seq2::numBeats" : [ 32 ],
					"MLE.seq2[1]::seq1" : [ 3, 8, 1, 0, 3, 0, 3000, 6000, 2, 2, 2, 2, 2, 2, 2, 2 ],
					"MLE.seq2[1]::seq2" : [ 3, 8, 1, 0, 3, 0, 3000, 6000, 2, 2, 2, 2, 2, 2, 2, 2 ],
					"MLE.seq2[1]::seq3" : [ 3, 8, 1, 0, 3, 0, 3000, 6000, 2, 2, 2, 2, 2, 2, 2, 2 ],
					"MLE.seq2[1]::seq4" : [ 3, 8, 1, 0, 3, 0, 3000, 6000, 2, 2, 2, 2, 2, 2, 2, 2 ],
					"MLE.seq2[1]::swing" : [ 0.473684210526316 ],
					"MLE.seq2[1]::amp" : [ 0.368421052631579 ],
					"MLE.seq2[1]::numBeats" : [ 32 ],
					"MLE.seq::endStep" : [ 7 ],
					"MLE.seq::startStep" : [ 8 ],
					"MLE.seq::enable" : [ 3, 16, 1, 0, 14, 0, 1000, 2000, 3000, 4000, 5000, 7000, 8000, 9000, 10000, 11000, 13000, 14000, 15000, 2, 2, 2, 2, 2, 2, 2, 2, 2, 2, 2, 2, 2, 2, 2, 2 ],
					"MLE.seq::seq" : [ 0, 2, 3, 1, 2, 3, 2, 4, 6, 3, 4, 5, 1, 3, 5, 7 ]
				}

			}
,
			"3" : 			{
				"id" : 3,
				"data" : 				{
					"MLE.seq2::seq1" : [ 3, 8, 1, 0, 5, 0, 2000, 3000, 4000, 6000, 2, 2, 2, 2, 2, 2, 2, 2 ],
					"MLE.seq2::seq2" : [ 3, 8, 1, 0, 4, 0, 2000, 4000, 7000, 2, 2, 2, 2, 2, 2, 2, 2 ],
					"MLE.seq2::seq3" : [ 3, 8, 1, 0, 4, 0, 3000, 4000, 6000, 2, 2, 2, 2, 2, 2, 2, 2 ],
					"MLE.seq2::seq4" : [ 3, 8, 1, 0, 5, 0, 2000, 4000, 6000, 7000, 2, 2, 2, 2, 2, 2, 2, 2 ],
					"MLE.seq2::swing" : [ 0.28421052631579 ],
					"MLE.seq2::amp" : [ 0.6 ],
					"MLE.seq2::numBeats" : [ 32 ],
					"MLE.seq2[1]::seq1" : [ 3, 8, 1, 0, 2, 0, 3000, 2, 2, 2, 2, 2, 2, 2, 2 ],
					"MLE.seq2[1]::seq2" : [ 3, 8, 1, 0, 1, 0, 2, 2, 2, 2, 2, 2, 2, 2 ],
					"MLE.seq2[1]::seq3" : [ 3, 8, 1, 0, 2, 0, 3000, 2, 2, 2, 2, 2, 2, 2, 2 ],
					"MLE.seq2[1]::seq4" : [ 3, 8, 1, 0, 1, 0, 2, 2, 2, 2, 2, 2, 2, 2 ],
					"MLE.seq2[1]::swing" : [ 0.473684210526316 ],
					"MLE.seq2[1]::amp" : [ 0.368421052631579 ],
					"MLE.seq2[1]::numBeats" : [ 32 ],
					"MLE.seq::endStep" : [ 7 ],
					"MLE.seq::startStep" : [ 8 ],
					"MLE.seq::enable" : [ 3, 16, 1, 0, 7, 0, 3000, 6000, 9000, 12000, 14000, 15000, 2, 2, 2, 2, 2, 2, 2, 2, 2, 2, 2, 2, 2, 2, 2, 2 ],
					"MLE.seq::seq" : [ 5, 5, 5, 3, 5, 5, 5, 5, 5, 7, 5, 5, 8, 5, 5, 8 ]
				}

			}

		}

	}

}
