{
	"pattrstorage" : 	{
		"name" : "MLEmaster",
		"slots" : 		{
			"1" : 			{
				"id" : 1,
				"data" : 				{
					"MLE.3bandEQ::highdb" : [ 3.428491154133677 ],
					"MLE.3bandEQ::highhz" : [ 1764 ],
					"MLE.3bandEQ::highq" : [ 0.882352941176471 ],
					"MLE.3bandEQ::lowdb" : [ 4.899079389427795 ],
					"MLE.3bandEQ::lowhz" : [ 76.764705882352914 ],
					"MLE.3bandEQ::lowq" : [ 0.0 ],
					"MLE.3bandEQ::middb" : [ 3.134373507074853 ],
					"MLE.3bandEQ::midhz" : [ 572 ],
					"MLE.3bandEQ::midq" : [ 0.588235294117647 ],
					"MLE.3bandEQ::3bandEQ" : [ -1 ]
				}

			}
,
			"2" : 			{
				"id" : 2,
				"data" : 				{
					"MLE.3bandEQ::highdb" : [ 1.957902918839559 ],
					"MLE.3bandEQ::highhz" : [ 4705 ],
					"MLE.3bandEQ::highq" : [ 0.0 ],
					"MLE.3bandEQ::lowdb" : [ 6.957902918839559 ],
					"MLE.3bandEQ::lowhz" : [ 87.352941176470537 ],
					"MLE.3bandEQ::lowq" : [ 0.0 ],
					"MLE.3bandEQ::middb" : [ 2.252020565898382 ],
					"MLE.3bandEQ::midhz" : [ 775 ],
					"MLE.3bandEQ::midq" : [ 0.0 ],
					"MLE.3bandEQ::3bandEQ" : [ -1 ]
				}

			}
,
			"3" : 			{
				"id" : 3,
				"data" : 				{
					"MLE.3bandEQ::highdb" : [ 6.36966762472191 ],
					"MLE.3bandEQ::highhz" : [ 8232 ],
					"MLE.3bandEQ::highq" : [ 0.0 ],
					"MLE.3bandEQ::lowdb" : [ 4.899079389427795 ],
					"MLE.3bandEQ::lowhz" : [ 76.764705882352914 ],
					"MLE.3bandEQ::lowq" : [ 0.0 ],
					"MLE.3bandEQ::middb" : [ 3.134373507074853 ],
					"MLE.3bandEQ::midhz" : [ 690 ],
					"MLE.3bandEQ::midq" : [ 1.764705882352941 ],
					"MLE.3bandEQ::3bandEQ" : [ -1 ]
				}

			}
,
			"4" : 			{
				"id" : 4,
				"data" : 				{
					"MLE.3bandEQ::highdb" : [ 0.882352941176471 ],
					"MLE.3bandEQ::highhz" : [ 2352 ],
					"MLE.3bandEQ::highq" : [ 1.176470588235294 ],
					"MLE.3bandEQ::lowdb" : [ 4.899079389427795 ],
					"MLE.3bandEQ::lowhz" : [ 76.764705882352914 ],
					"MLE.3bandEQ::lowq" : [ 0.0 ],
					"MLE.3bandEQ::middb" : [ 2.252020565898383 ],
					"MLE.3bandEQ::midhz" : [ 454 ],
					"MLE.3bandEQ::midq" : [ 0.882352941176471 ],
					"MLE.3bandEQ::3bandEQ" : [ -1 ]
				}

			}

		}

	}

}
