{
	"pattrstorage" : 	{
		"name" : "testMoog",
		"slots" : 		{
			"1" : 			{
				"id" : 1,
				"name" : "Low Strings",
				"data" : 				{
					"AM2-1" : [ 0.0 ],
					"FM3-1" : [ 0.0 ],
					"amoLFO" : [ 0.212598431582667 ],
					"ampADSR" : [ 0.171371906995773, 0.553081631660461, 0.686680018901825, 0.257256597280502 ],
					"filterADSR" : [ 0.100795179605484, 0.546918332576752, 0.308349788188934, 0.387077450752258 ],
					"filterADSRlevel" : [ 1.463414634146339 ],
					"filterFreq" : [ 3.357314087255939 ],
					"filterKey" : [ 1.658536585365854 ],
					"filterLFO" : [ 0.0 ],
					"filterRes" : [ 0.877192982456141 ],
					"glide" : [ 0.0 ],
					"lfoFreq" : [ 1.157894736842104 ],
					"lfoShape" : [ 0.228070175438596 ],
					"noiseColor" : [ 0.0 ],
					"noiseGain" : [ 0.105263563670193 ],
					"osc1_octave" : [ 2 ],
					"osc1_waveform" : [ 3 ],
					"osc1duty" : [ 0.534180268202119 ],
					"osc1gain" : [ 1.0 ],
					"osc1gain[1]" : [ 0.228028412651278 ],
					"osc1gain[2]" : [ 0.714964484185902 ],
					"osc2_waveform" : [ 3 ],
					"osc2detune" : [ 0.167958636463731 ],
					"osc2duty" : [ 0.63460376486791 ],
					"osc2octave" : [ 2 ],
					"osc3-waveform" : [ 3 ],
					"osc3detune" : [ 0.206718321801515 ],
					"osc3duty" : [ 0.32183910868319 ],
					"osc3octave" : [ 1 ],
					"pitchLFO" : [ 0.070866143860889 ],
					"pwmLFO" : [ 0.283464575443555 ]
				}

			}
,
			"2" : 			{
				"id" : 2,
				"name" : "Squelchy Bass",
				"data" : 				{
					"AM2-1" : [ 0.0 ],
					"FM3-1" : [ 0.0 ],
					"amoLFO" : [ 0.0 ],
					"ampADSR" : [ 0.0, 0.171371906995773, 0.753479182720184, 0.257256597280502 ],
					"filterADSR" : [ 0.100795179605484, 0.375148981809616, 0.308349788188934, 0.387077450752258 ],
					"filterADSRlevel" : [ 1.463414634146339 ],
					"filterFreq" : [ 3.261390827620055 ],
					"filterKey" : [ 1.658536585365854 ],
					"filterLFO" : [ 0.0 ],
					"filterRes" : [ 0.877192982456141 ],
					"glide" : [ 0.0 ],
					"lfoFreq" : [ 0.999999999999999 ],
					"lfoShape" : [ 0.684210526315789 ],
					"noiseColor" : [ 0.0 ],
					"noiseGain" : [ 0.084210850936154 ],
					"osc1_octave" : [ 2 ],
					"osc1_waveform" : [ 3 ],
					"osc1duty" : [ 0.534180268202119 ],
					"osc1gain" : [ 1.0 ],
					"osc1gain[1]" : [ 0.529691398906739 ],
					"osc1gain[2]" : [ 0.798099444279473 ],
					"osc2_waveform" : [ 1 ],
					"osc2detune" : [ 0.167958636463731 ],
					"osc2duty" : [ 0.63460376486791 ],
					"osc2octave" : [ 1 ],
					"osc3-waveform" : [ 0 ],
					"osc3detune" : [ 0.051679580450379 ],
					"osc3duty" : [ 0.50574717078787 ],
					"osc3octave" : [ 2 ],
					"pitchLFO" : [ 0.0 ],
					"pwmLFO" : [ 0.496063007026222 ]
				}

			}
,
			"3" : 			{
				"id" : 3,
				"name" : "Plucky Bass",
				"data" : 				{
					"AM2-1" : [ 0.0 ],
					"FM3-1" : [ 0.0 ],
					"amoLFO" : [ 0.0 ],
					"ampADSR" : [ 0.0, 0.171371906995773, 0.753479182720184, 0.257256597280502 ],
					"filterADSR" : [ 0.100795179605484, 0.375148981809616, 0.308349788188934, 0.387077450752258 ],
					"filterADSRlevel" : [ 2.048780487804878 ],
					"filterFreq" : [ 3.549160606527705 ],
					"filterKey" : [ 0.0 ],
					"filterLFO" : [ 0.0 ],
					"filterRes" : [ 0.877192982456141 ],
					"glide" : [ 0.0 ],
					"lfoFreq" : [ 0.999999999999998 ],
					"lfoShape" : [ 0.333333333333333 ],
					"noiseColor" : [ 0.192982456140351 ],
					"noiseGain" : [ 0.189474414606347 ],
					"osc1_octave" : [ 2 ],
					"osc1_waveform" : [ 3 ],
					"osc1duty" : [ 0.511191760439034 ],
					"osc1gain" : [ 1.0 ],
					"osc1gain[1]" : [ 0.812351220070178 ],
					"osc1gain[2]" : [ 0.0 ],
					"osc2_waveform" : [ 1 ],
					"osc2detune" : [ 0.167958636463731 ],
					"osc2duty" : [ 0.63460376486791 ],
					"osc2octave" : [ 1 ],
					"osc3-waveform" : [ 0 ],
					"osc3detune" : [ 0.647138838110664 ],
					"osc3duty" : [ 0.50574717078787 ],
					"osc3octave" : [ 2 ],
					"pitchLFO" : [ 0.0 ],
					"pwmLFO" : [ 0.598425184788296 ]
				}

			}
,
			"4" : 			{
				"id" : 4,
				"name" : "Siren",
				"data" : 				{
					"AM2-1" : [ 0.0 ],
					"FM3-1" : [ 0.0 ],
					"amoLFO" : [ 1.0 ],
					"ampADSR" : [ 0.0, 0.231014087796211, 1.0, 0.457654237747192 ],
					"filterADSR" : [ 0.100795179605484, 0.530218601226807, 0.48250487446785, 0.387077450752258 ],
					"filterADSRlevel" : [ 1.024390243902439 ],
					"filterFreq" : [ 4.508393202886545 ],
					"filterKey" : [ 0.0 ],
					"filterLFO" : [ 0.0 ],
					"filterRes" : [ 0.877192982456141 ],
					"glide" : [ 0.0 ],
					"lfoFreq" : [ 1.578947368421051 ],
					"lfoShape" : [ 0.929824561403509 ],
					"noiseColor" : [ 0.192982456140351 ],
					"noiseGain" : [ 0.0 ],
					"osc1_octave" : [ 0 ],
					"osc1_waveform" : [ 3 ],
					"osc1duty" : [ 0.511191760439034 ],
					"osc1gain" : [ 1.0 ],
					"osc1gain[1]" : [ 0.313539067395507 ],
					"osc1gain[2]" : [ 0.0 ],
					"osc2_waveform" : [ 1 ],
					"osc2detune" : [ 0.645975050463713 ],
					"osc2duty" : [ 0.63460376486791 ],
					"osc2octave" : [ 1 ],
					"osc3-waveform" : [ 0 ],
					"osc3detune" : [ 0.647138838110664 ],
					"osc3duty" : [ 0.50574717078787 ],
					"osc3octave" : [ 2 ],
					"pitchLFO" : [ 0.0 ],
					"pwmLFO" : [ 1.0 ]
				}

			}
,
			"5" : 			{
				"id" : 5,
				"name" : "cello",
				"data" : 				{
					"AM2-1" : [  ],
					"FM3-1" : [  ],
					"amoLFO" : [ 0.0 ],
					"ampADSR" : [ 0.175348103046417, 0.294632375240326, 0.557057797908783, 0.223061814904213 ],
					"filterADSR" : [ 0.045129220932722, 0.482504934072495, 0.609741508960724, 0.0 ],
					"filterADSRlevel" : [ 5.192982456140353 ],
					"filterFreq" : [ 1.550927673644494 ],
					"filterKey" : [ 2.456140350877192 ],
					"filterLFO" : [ 0.0 ],
					"filterRes" : [ 0.929824561403509 ],
					"glide" : [  ],
					"lfoFreq" : [ 0.526315789473683 ],
					"lfoShape" : [ 0.280701754385964 ],
					"noiseColor" : [ 0.192982456140351 ],
					"noiseGain" : [ 0.298245614035088 ],
					"osc1_octave" : [ 2 ],
					"osc1_waveform" : [ 0 ],
					"osc1duty" : [ 0.511191760439034 ],
					"osc1gain" : [ 1.0 ],
					"osc1gain[1]" : [ 1.0 ],
					"osc1gain[2]" : [ 0.814726914720836 ],
					"osc2_waveform" : [ 3 ],
					"osc2detune" : [ 0.16793893129771 ],
					"osc2duty" : [ 0.63460376486791 ],
					"osc2octave" : [ 2 ],
					"osc3-waveform" : [ 3 ],
					"osc3detune" : [ 0.259541984732824 ],
					"osc3duty" : [ 0.50574717078787 ],
					"osc3octave" : [ 0 ],
					"pitchLFO" : [ 0.0 ],
					"pwmLFO" : [ 0.526315789473684 ]
				}

			}

		}

	}

}
