{
	"pattrstorage" : 	{
		"name" : "testMoog",
		"slots" : 		{
			"1" : 			{
				"id" : 1,
				"name" : "cello",
				"data" : 				{
					"osc1_waveform" : [ 0 ],
					"osc1_octave" : [ 2 ],
					"osc1duty" : [ 0.511191760439034 ],
					"osc1gain" : [ 1.0 ],
					"noiseColor" : [ 0.192982456140351 ],
					"noiseGain" : [ 0.298245614035088 ],
					"osc2octave" : [ 2 ],
					"osc2detune" : [ 0.16793893129771 ],
					"filterFreq" : [ 1.550927673644494 ],
					"filterRes" : [ 0.929824561403509 ],
					"filterKey" : [ 2.456140350877192 ],
					"filterADSRlevel" : [ 5.192982456140353 ],
					"ampADSR" : [ 0.175348103046417, 0.294632375240326, 0.557057797908783, 0.223061814904213 ],
					"filterADSR" : [ 0.045129220932722, 0.482504934072495, 0.609741508960724, 0.0 ],
					"osc1gain[1]" : [ 1.0 ],
					"osc1gain[2]" : [ 0.814726914720836 ],
					"lfoFreq" : [ 0.526315789473683 ],
					"lfoShape" : [ 0.280701754385964 ],
					"pitchLFO" : [ 0.0 ],
					"filterLFO" : [ 0.0 ],
					"pwmLFO" : [ 0.526315789473684 ],
					"amoLFO" : [ 0.0 ],
					"osc2_waveform" : [ 3 ],
					"osc3-waveform" : [ 3 ],
					"osc3detune" : [ 0.259541984732824 ],
					"osc3octave" : [ 0 ],
					"osc3duty" : [ 0.50574717078787 ],
					"osc2duty" : [ 0.63460376486791 ]
				}

			}

		}

	}

}
