{
	"pattrstorage" : 	{
		"name" : "testMoog",
		"slots" : 		{
			"1" : 			{
				"id" : 1,
				"name" : "Underwater Bass",
				"data" : 				{
					"AM2-1" : [ 0.0 ],
					"FM3-1" : [ 0.0 ],
					"VCAgate" : [ 0 ],
					"amoLFO" : [ 0.0 ],
					"ampADSR" : [ 0.0, 0.302584648132324, 0.68429434299469, 0.445725798606873 ],
					"filterADSR" : [ 0.0, 0.82186895608902, 0.619085729122162, 0.583300411701202 ],
					"filterADSRlevel" : [ 1.024390243902439 ],
					"filterFreq" : [ 0.517985748401049 ],
					"filterKey" : [ 2.048780487804879 ],
					"filterLFO" : [ 0.0 ],
					"filterRes" : [ 0.298245614035088 ],
					"glide" : [ 0.0 ],
					"lfoFreq" : [ 5.430000000000001 ],
					"lfoShape" : [ 0.666666666666667 ],
					"masterVolume" : [ 0.491228070175439 ],
					"mono" : [ 0 ],
					"noiseColor" : [ 0.126316276404232 ],
					"noiseGain" : [ 0.252632552808463 ],
					"osc1_octave" : [ 2 ],
					"osc1_waveform" : [ 2 ],
					"osc1duty" : [ 0.488203252675949 ],
					"osc1gain" : [ 1.0 ],
					"osc1gain[1]" : [ 0.515439623116034 ],
					"osc1gain[2]" : [ 0.49881215267467 ],
					"osc2_waveform" : [ 2 ],
					"osc2detune" : [ 0.315157587589677 ],
					"osc2duty" : [ 0.4966727182894 ],
					"osc2octave" : [ 2 ],
					"osc3-waveform" : [ 2 ],
					"osc3detune" : [ 0.180878531576325 ],
					"osc3duty" : [ 0.482758663024785 ],
					"osc3octave" : [ 2 ],
					"pitchLFO" : [ 0.0 ],
					"pwmLFO" : [ 0.0 ]
				}

			}
,
			"2" : 			{
				"id" : 2,
				"name" : "Wind Ensemble",
				"data" : 				{
					"AM2-1" : [ 0.0 ],
					"FM3-1" : [ 0.0 ],
					"VCAgate" : [ 0 ],
					"amoLFO" : [ 0.070866143860889 ],
					"ampADSR" : [ 0.326441526412964, 1.0, 1.0, 0.290656238794327 ],
					"filterADSR" : [ 0.189662292599678, 0.82186895608902, 0.619085729122162, 0.583300411701202 ],
					"filterADSRlevel" : [ 0.878048780487805 ],
					"filterFreq" : [ 3.299760277841683 ],
					"filterKey" : [ 2.048780487804879 ],
					"filterLFO" : [ 0.0 ],
					"filterRes" : [ 0.192982456140351 ],
					"glide" : [ 0.0 ],
					"lfoFreq" : [ 5.430000000000001 ],
					"lfoShape" : [ 0.666666666666667 ],
					"masterVolume" : [ 0.491228070175439 ],
					"mono" : [ 0 ],
					"noiseColor" : [ 0.126316276404232 ],
					"noiseGain" : [ 0.021052712734039 ],
					"osc1_octave" : [ 0 ],
					"osc1_waveform" : [ 1 ],
					"osc1duty" : [ 0.488203252675949 ],
					"osc1gain" : [ 1.0 ],
					"osc1gain[1]" : [ 0.415677192581099 ],
					"osc1gain[2]" : [ 1.0 ],
					"osc2_waveform" : [ 1 ],
					"osc2detune" : [ 0.018 ],
					"osc2duty" : [ 0.657592272630995 ],
					"osc2octave" : [ 0 ],
					"osc3-waveform" : [ 1 ],
					"osc3detune" : [ 0.012919895112595 ],
					"osc3duty" : [ 0.482758663024785 ],
					"osc3octave" : [ 1 ],
					"pitchLFO" : [ 0.0 ],
					"pwmLFO" : [ 0.0 ]
				}

			}
,
			"3" : 			{
				"id" : 3,
				"name" : "flute",
				"data" : 				{
					"AM2-1" : [ 0.0 ],
					"FM3-1" : [ 0.0 ],
					"VCAgate" : [ 0 ],
					"amoLFO" : [ 0.070866143860889 ],
					"ampADSR" : [ 0.326441526412964, 1.0, 1.0, 0.290656238794327 ],
					"filterADSR" : [ 0.189662292599678, 0.82186895608902, 0.619085729122162, 0.583300411701202 ],
					"filterADSRlevel" : [ 2.048780487804878 ],
					"filterFreq" : [ 0.997602046580469 ],
					"filterKey" : [ 2.048780487804879 ],
					"filterLFO" : [ 0.0 ],
					"filterRes" : [ 0.192982456140351 ],
					"glide" : [ 0.0 ],
					"lfoFreq" : [ 5.430000000000001 ],
					"lfoShape" : [ 0.666666666666667 ],
					"masterVolume" : [ 0.491228070175439 ],
					"mono" : [ 0 ],
					"noiseColor" : [ 0.126316276404232 ],
					"noiseGain" : [ 0.021052712734039 ],
					"osc1_octave" : [ 1 ],
					"osc1_waveform" : [ 1 ],
					"osc1duty" : [ 0.488203252675949 ],
					"osc1gain" : [ 1.0 ],
					"osc1gain[1]" : [ 0.0 ],
					"osc1gain[2]" : [ 0.0 ],
					"osc2_waveform" : [ 3 ],
					"osc2detune" : [ 0.051679580450379 ],
					"osc2duty" : [ 0.657592272630995 ],
					"osc2octave" : [ 1 ],
					"osc3-waveform" : [ 2 ],
					"osc3detune" : [ 0.121447132343563 ],
					"osc3duty" : [ 0.390804631972445 ],
					"osc3octave" : [ 1 ],
					"pitchLFO" : [ 0.0 ],
					"pwmLFO" : [ 0.0 ]
				}

			}
,
			"4" : 			{
				"id" : 4,
				"name" : "String Ensemble",
				"data" : 				{
					"AM2-1" : [ 0.0 ],
					"FM3-1" : [ 0.0 ],
					"VCAgate" : [ 0 ],
					"amoLFO" : [ 0.070866143860889 ],
					"ampADSR" : [ 0.386083662509918, 1.0, 1.0, 0.46958264708519 ],
					"filterADSR" : [ 0.070378012955189, 0.845725834369659, 0.857654273509979, 0.583300411701202 ],
					"filterADSRlevel" : [ 2.048780487804878 ],
					"filterFreq" : [ 0.8057555273087 ],
					"filterKey" : [ 2.048780487804879 ],
					"filterLFO" : [ 0.047244095907259 ],
					"filterRes" : [ 0.192982456140351 ],
					"glide" : [ 0.0 ],
					"lfoFreq" : [ 0.640886733527215 ],
					"lfoShape" : [ 0.31578947368421 ],
					"masterVolume" : [ 0.491228070175439 ],
					"mono" : [ 0 ],
					"noiseColor" : [ 0.705262021723459 ],
					"noiseGain" : [ 0.0 ],
					"osc1_octave" : [ 1 ],
					"osc1_waveform" : [ 2 ],
					"osc1duty" : [ 0.488203252675949 ],
					"osc1gain" : [ 1.0 ],
					"osc1gain[1]" : [ 1.0 ],
					"osc1gain[2]" : [ 1.0 ],
					"osc2_waveform" : [ 3 ],
					"osc2detune" : [ 0.051679580450379 ],
					"osc2duty" : [ 0.657592272630995 ],
					"osc2octave" : [ 1 ],
					"osc3-waveform" : [ 2 ],
					"osc3detune" : [ 0.121447132343563 ],
					"osc3duty" : [ 0.390804631972445 ],
					"osc3octave" : [ 1 ],
					"pitchLFO" : [ 0.047244095907259 ],
					"pwmLFO" : [ 0.047244095907259 ]
				}

			}
,
			"5" : 			{
				"id" : 5,
				"name" : "tuba",
				"data" : 				{
					"AM2-1" : [ 0.0 ],
					"FM3-1" : [ 0.573460054944614 ],
					"VCAgate" : [ 1 ],
					"amoLFO" : [ 0.0 ],
					"ampADSR" : [ 0.0, 0.326441526412964, 0.0, 0.207157239317894 ],
					"filterADSR" : [ 0.320874989032745, 0.487872987985611, 0.404374003410339, 0.201590716838837 ],
					"filterADSRlevel" : [ 2.048780487804878 ],
					"filterFreq" : [ 1.28537182548811 ],
					"filterKey" : [ 0.585365853658537 ],
					"filterLFO" : [ 0.188976383629037 ],
					"filterRes" : [ 0.298245614035088 ],
					"glide" : [ 0.0 ],
					"lfoFreq" : [ 0.805518680795884 ],
					"lfoShape" : [ 0.31578947368421 ],
					"masterVolume" : [ 0.754385964912281 ],
					"mono" : [ 0 ],
					"noiseColor" : [ 0.705262021723459 ],
					"noiseGain" : [ 0.0 ],
					"osc1_octave" : [ 1 ],
					"osc1_waveform" : [ 2 ],
					"osc1duty" : [ 0.488203252675949 ],
					"osc1gain" : [ 1.0 ],
					"osc1gain[1]" : [ 0.558194950488148 ],
					"osc1gain[2]" : [ 0.0 ],
					"osc2_waveform" : [ 2 ],
					"osc2detune" : [ 0.0 ],
					"osc2duty" : [ 0.749546303683335 ],
					"osc2octave" : [ 1 ],
					"osc3-waveform" : [ 0 ],
					"osc3detune" : [ 0.44444451015843 ],
					"osc3duty" : [ 0.50574717078787 ],
					"osc3octave" : [ 1 ],
					"pitchLFO" : [ 0.0 ],
					"pwmLFO" : [ 0.212598431582667 ]
				}

			}
,
			"6" : 			{
				"id" : 6,
				"name" : "guitar",
				"data" : 				{
					"AM2-1" : [ 0.0 ],
					"FM3-1" : [ 0.0 ],
					"VCAgate" : [ 0 ],
					"amoLFO" : [ 0.0 ],
					"ampADSR" : [ 0.052087675780058, 0.278727799654007, 0.493439495563507, 0.278727799654007 ],
					"filterADSR" : [ 0.0, 0.523658275604248, 0.0, 0.332803428173065 ],
					"filterADSRlevel" : [ 1.317073170731708 ],
					"filterFreq" : [ 1.630695413810028 ],
					"filterKey" : [ 4.0 ],
					"filterLFO" : [ 0.0 ],
					"filterRes" : [ 0.0 ],
					"glide" : [ 0.0 ],
					"lfoFreq" : [ 2.147320846218189 ],
					"lfoShape" : [ 0.56140350877193 ],
					"masterVolume" : [ 0.491228070175438 ],
					"mono" : [ 0 ],
					"noiseColor" : [ 0.705262021723459 ],
					"noiseGain" : [ 0.0 ],
					"osc1_octave" : [ 1 ],
					"osc1_waveform" : [ 3 ],
					"osc1duty" : [ 0.235329667282014 ],
					"osc1gain" : [ 1.0 ],
					"osc1gain[1]" : [ 0.327790843186212 ],
					"osc1gain[2]" : [ 0.0 ],
					"osc2_waveform" : [ 3 ],
					"osc2detune" : [ 12.1 ],
					"osc2duty" : [ 0.105868086316955 ],
					"osc2octave" : [ 1 ],
					"osc3-waveform" : [ 0 ],
					"osc3detune" : [ 0.647138838110664 ],