{
	"pattrstorage" : 	{
		"name" : "keyGrid",
		"slots" : 		{
			"1" : 			{
				"id" : 1,
				"data" : 				{
					"live.grid" : [ 3, 16, 1, 0, 0, 2, 2, 2, 2, 2, 2, 2, 2, 2, 2, 2, 2, 2, 2, 2, 2 ],
					"live.grid[1]" : [ 2, 8, 8, 0, 8, 2, 1002, 2005, 3005, 4005, 5006, 6006, 7006, 2, 2, 2, 2, 2, 2, 2, 2 ],
					"live.grid[2]" : [ 2, 8, 8, 0, 8, 5, 1005, 2005, 3004, 4003, 5002, 6003, 7002, 2, 2, 2, 2, 2, 2, 2, 2 ],
					"live.grid[3]" : [ 2, 8, 8, 0, 8, 7, 1007, 2000, 3002, 4000, 5004, 6000, 7004, 2, 2, 2, 2, 2, 2, 2, 2 ],
					"live.grid[4]" : [ 2, 8, 8, 0, 8, 0, 1001, 2003, 3003, 4004, 5005, 6006, 7007, 2, 2, 2, 2, 2, 2, 2, 2 ],
					"param1" : [ 7 ],
					"param1dest" : [ 0 ],
					"paramB" : [ 22 ],
					"paramBdest" : [ 0 ],
					"paramC" : [ 71 ],
					"paramCdest" : [ 1 ],
					"paramD" : [ 44 ],
					"paramDdest" : [ 1 ],
					"seqArate" : [ 16 ],
					"seqBrate" : [ 4 ],
					"seqCrate" : [ 24 ],
					"seqDrate" : [ 20 ],
					"baseVelocity" : [ 80 ],
					"accent" : [ 30 ],
					"reverb1" : [ 29 ],
					"reverb2" : [ 0 ],
					"MLE.JX3P::LFO_retrigger" : [ 0 ],
					"MLE.JX3P::Resonance" : [ 0.478087097406387 ],
					"MLE.JX3P::attack" : [ 0.0 ],
					"MLE.JX3P::chorus" : [ 0 ],
					"MLE.JX3P::chorusDelayLength" : [ 0.0 ],
					"MLE.JX3P::chorusDepth" : [ 0.0 ],
					"MLE.JX3P::chorusRate" : [ 0.0 ],
					"MLE.JX3P::cutoff" : [ 0.433364191681218 ],
					"MLE.JX3P::dco1env" : [ 1 ],
					"MLE.JX3P::dco1lfo" : [ 1 ],
					"MLE.JX3P::dco1octave" : [ 1 ],
					"MLE.JX3P::dco1wave" : [ 1 ],
					"MLE.JX3P::dco2env" : [ 1 ],
					"MLE.JX3P::dco2finetune" : [ 0.258963849531411 ],
					"MLE.JX3P::dco2lfo" : [ 1 ],
					"MLE.JX3P::dco2octave" : [ 2 ],
					"MLE.JX3P::dco2pwm" : [ 0 ],
					"MLE.JX3P::dco2tune" : [ 0.836652414098344 ],
					"MLE.JX3P::dco2wave" : [ 4 ],
					"MLE.JX3P::dcoENVdepth" : [ 0.0 ],
					"MLE.JX3P::dcoENVinvert" : [ 0 ],
					"MLE.JX3P::dcoLFOdepth" : [ 0.0 ],
					"MLE.JX3P::dcoMix" : [ 0.250878628697789 ],
					"MLE.JX3P::dcoMod" : [ 1 ],
					"MLE.JX3P::decay" : [ 0.219123255488634 ],
					"MLE.JX3P::filtENVinvert" : [ 0 ],
					"MLE.JX3P::filtENVmod" : [ 0.577688574790955 ],
					"MLE.JX3P::filtLFOmod" : [ 0.0 ],
					"MLE.JX3P::filterKeytrack" : [ 0.816732118382137 ],
					"MLE.JX3P::hpf" : [ 0.15936236572965 ],
					"MLE.JX3P::level" : [ 0.557768280053776 ],
					"MLE.JX3P::lfoDelay" : [ 0.0 ],
					"MLE.JX3P::lfoRate" : [ 0.0 ],
					"MLE.JX3P::lfoWave" : [ 1 ],
					"MLE.JX3P::release" : [ 0.0 ],
					"MLE.JX3P::subOsc" : [ 0.0 ],
					"MLE.JX3P::sustain" : [ 0.203188171351748 ],
					"MLE.atten[3]::curve" : [ 1.0 ],
					"MLE.atten[3]::gain" : [ 1.289391304347826 ],
					"MLE.atten[3]::offset" : [ 1.173913043478261 ],
					"MLE.JX3P[1]::LFO_retrigger" : [ 0 ],
					"MLE.JX3P[1]::Resonance" : [ 0.478087097406387 ],
					"MLE.JX3P[1]::attack" : [ 0.059760887148619 ],
					"MLE.JX3P[1]::chorus" : [ 0 ],
					"MLE.JX3P[1]::chorusDelayLength" : [ 0.0 ],
					"MLE.JX3P[1]::chorusDepth" : [ 0.0 ],
					"MLE.JX3P[1]::chorusRate" : [ 0.0 ],
					"MLE.JX3P[1]::cutoff" : [ 0.51128186008454 ],
					"MLE.JX3P[1]::dco1env" : [ 1 ],
					"MLE.JX3P[1]::dco1lfo" : [ 1 ],
					"MLE.JX3P[1]::dco1octave" : [ 1 ],
					"MLE.JX3P[1]::dco1wave" : [ 2 ],
					"MLE.JX3P[1]::dco2env" : [ 0 ],
					"MLE.JX3P[1]::dco2finetune" : [ 0.557768285274506 ],
					"MLE.JX3P[1]::dco2lfo" : [ 0 ],
					"MLE.JX3P[1]::dco2octave" : [ 1 ],
					"MLE.JX3P[1]::dco2pwm" : [ 0 ],
					"MLE.JX3P[1]::dco2tune" : [ 0.498007386922836 ],
					"MLE.JX3P[1]::dco2wave" : [ 4 ],
					"MLE.JX3P[1]::dcoENVdepth" : [ 0.0 ],
					"MLE.JX3P[1]::dcoENVinvert" : [ 0 ],
					"MLE.JX3P[1]::dcoLFOdepth" : [ 0.0 ],
					"MLE.JX3P[1]::dcoMix" : [ 0.920318841934204 ],
					"MLE.JX3P[1]::dcoMod" : [ 2 ],
					"MLE.JX3P[1]::decay" : [ 0.318724734069666 ],
					"MLE.JX3P[1]::filtENVinvert" : [ 0 ],
					"MLE.JX3P[1]::filtENVmod" : [ 0.717130644804399 ],
					"MLE.JX3P[1]::filtLFOmod" : [ 0.159362360835075 ],
					"MLE.JX3P[1]::filterKeytrack" : [ 0.796811822665931 ],
					"MLE.JX3P[1]::hpf" : [ 0.239043548703194 ],
					"MLE.JX3P[1]::level" : [ 0.302789679517666 ],
					"MLE.JX3P[1]::lfoDelay" : [ 0.0 ],
					"MLE.JX3P[1]::lfoRate" : [ 0.0 ],
					"MLE.JX3P[1]::lfoWave" : [ 1 ],
					"MLE.JX3P[1]::release" : [ 0.516637131751075 ],
					"MLE.JX3P[1]::subOsc" : [ 0.0 ],
					"MLE.JX3P[1]::sustain" : [ 0.498007373326858 ],
					"MLE.atten[2]::curve" : [ 1.0 ],
					"MLE.atten[2]::gain" : [ 1.369565217391304 ],
					"MLE.atten[2]::offset" : [ 1.0 ],
					"MLE.atten::curve" : [ 1.0 ],
					"MLE.atten::gain" : [ 1.130434782608696 ],
					"MLE.atten::offset" : [ 1.304347826086956 ],
					"MLE.atten[1]::curve" : [ 1.0 ],
					"MLE.atten[1]::gain" : [ 1.5 ],
					"MLE.atten[1]::offset" : [ 1.0 ],
					"MLE.reverb::damping" : [ 0.616414717661758 ],
					"MLE.reverb::diffusion" : [ 0.284341129352968 ],
					"MLE.reverb::drywet" : [ 100.0 ],
					"MLE.reverb::size" : [ 0.494762550062472 ],
					"MLE.reverb::time" : [ 0.324622076492637 ],
					"MLE.reverb::reverbFX" : [ -1 ],
					"MLE.noteEntry::notes" : [ 36, 127, 38, 127, 41, 127, 43, 127, 46, 127 ]
				}

			}

		}

	}

}
