{
	"pattrstorage" : 	{
		"name" : "starburstInit",
		"slots" : 		{
			"1" : 			{
				"id" : 1,
				"data" : 				{
					"SynctoNet" : [ 1 ],
					"arpeggioMode" : [ 0 ],
					"decay" : [ 0.330769230769231 ],
					"delay" : [ 0 ],
					"filter" : [ 72 ],
					"glide" : [ 58 ],
					"live.grid" : [ 3, 8, 1, 0, 3, 0, 3000, 6000, 2, 2, 2, 2, 2, 2, 2, 2 ],
					"live.grid[1]" : [ 3, 12, 1, 0, 3, 0, 4000, 8000, 2, 2, 2, 2, 2, 2, 2, 2, 2, 2, 2, 2 ],
					"seqSize" : [ 8 ],
					"sub" : [ 0.0 ],
					"subdivider" : [ 3 ],
					"tempo" : [ 120 ],
					"tone" : [ 0.315384615384615 ],
					"tone[1]" : [ 32 ],
					"MLE.moog::testMoog" : [ 6 ],
					"MLE.moog::AM2-1" : [ 0.0 ],
					"MLE.moog::FM3-1" : [ 0.0 ],
					"MLE.moog::VCAgate" : [ 0 ],
					"MLE.moog::amoLFO" : [ 0.0 ],
					"MLE.moog::ampADSR" : [ 0.052000001072884, 0.215025082230568, 0.3681600689888, 0.198467448353767 ],
					"MLE.moog::filterADSR" : [ 0.0, 0.28752663731575, 0.0, 0.198467448353767 ],
					"MLE.moog::filterADSRlevel" : [ 1.317073170731708 ],
					"MLE.moog::filterFreq" : [ 1.630695413810028 ],
					"MLE.moog::filterKey" : [ 2.267716535433071 ],
					"MLE.moog::filterLFO" : [ 0.0 ],
					"MLE.moog::filterRes" : [ 0.684615384615385 ],
					"MLE.moog::glide" : [ 2.362204724409449 ],
					"MLE.moog::lfoFreq" : [ 2.147320846218189 ],
					"MLE.moog::lfoShape" : [ 0.56140350877193 ],
					"MLE.moog::masterVolume" : [ 0.491228070175438 ],
					"MLE.moog::mono" : [ 0 ],
					"MLE.moog::noiseColor" : [ 0.705262021723459 ],
					"MLE.moog::noiseGain" : [ 0.0 ],
					"MLE.moog::osc1_octave" : [ 1 ],
					"MLE.moog::osc1_waveform" : [ 3 ],
					"MLE.moog::osc1duty" : [ 0.163076923076923 ],
					"MLE.moog::osc1gain" : [ 1.0 ],
					"MLE.moog::osc2_waveform" : [ 3 ],
					"MLE.moog::osc2detune" : [ 12.1 ],
					"MLE.moog::osc2duty" : [ 0.347307692307692 ],
					"MLE.moog::osc2gain" : [ 0.285035515814097 ],
					"MLE.moog::osc2octave" : [ 1 ],
					"MLE.moog::osc3-waveform" : [ 0 ],
					"MLE.moog::osc3detune" : [ 0.233702194507635 ],
					"MLE.moog::osc3duty" : [ 0.626153846153846 ],
					"MLE.moog::osc3gain" : [ 0.0 ],
					"MLE.moog::osc3octave" : [ 2 ],
					"MLE.moog::pitchLFO" : [ 0.0 ],
					"MLE.moog::pwmLFO" : [ 0.0 ],
					"MLE.moog::slop" : [ 0.084705970547778 ],
					"MLE.arpeggio[1]::arpeggioMode" : [ 0 ],
					"MLE.arpeggio[1]::octaveRange" : [ 0 ],
					"MLE.delay::Lowpass" : [ 0.52 ],
					"MLE.delay::delayLevel" : [ 0.0 ],
					"MLE.delay::delayTime" : [ 231 ],
					"MLE.delay::feedback" : [ 0.3 ]
				}

			}

		}

	}

}
