{
	"pattrstorage" : 	{
		"name" : "starburstInit",
		"slots" : 		{
			"1" : 			{
				"id" : 1,
				"data" : 				{
					"SyncBeats" : [ 0 ],
					"SynctoNet" : [ 0 ],
					"arpeggioMode" : [ 3 ],
					"decay" : [ 0.646153846153846 ],
					"delay" : [ 56 ],
					"filter" : [ 39 ],
					"glide" : [ 26 ],
					"live.grid" : [ 3, 8, 1, 0, 7, 0, 2000, 3000, 4000, 5000, 6000, 7000, 2, 2, 2, 2, 2, 2, 2, 2 ],
					"live.grid[1]" : [ 3, 12, 1, 0, 3, 0, 4000, 8000, 2, 2, 2, 2, 2, 2, 2, 2, 2, 2, 2, 2 ],
					"seqSize" : [ 0 ],
					"sub" : [ 0.623076923076923 ],
					"tempo" : [ 0 ],
					"tone" : [ 0.307692307692308 ],
					"tone[1]" : [ 28 ],
					"MLE.moog::testMoog" : [ -1 ],
					"MLE.moog::AM2-1" : [ 0.0 ],
					"MLE.moog::FM3-1" : [ 0.0 ],
					"MLE.moog::VCAgate" : [ 0 ],
					"MLE.moog::amoLFO" : [ 0.0 ],
					"MLE.moog::ampADSR" : [ 0.052000001072884, 0.26076740026474, 0.55875301361084, 0.475763320922852 ],
					"MLE.moog::filterADSR" : [ 0.0, 0.534011840820312, 0.0, 0.475763320922852 ],
					"MLE.moog::filterADSRlevel" : [ 1.317073170731708 ],
					"MLE.moog::filterFreq" : [ 1.630695413810028 ],
					"MLE.moog::filterKey" : [ 1.228346456692913 ],
					"MLE.moog::filterLFO" : [ 0.0 ],
					"MLE.moog::filterRes" : [ 0.692307692307692 ],
					"MLE.moog::glide" : [ 2.362204724409449 ],
					"MLE.moog::lfoFreq" : [ 2.147320846218189 ],
					"MLE.moog::lfoShape" : [ 0.56140350877193 ],
					"MLE.moog::masterVolume" : [ 0.491228070175438 ],
					"MLE.moog::mono" : [ 1 ],
					"MLE.moog::noiseColor" : [ 0.705262021723459 ],
					"MLE.moog::noiseGain" : [ 0.0 ],
					"MLE.moog::osc1_octave" : [ 1 ],
					"MLE.moog::osc1_waveform" : [ 3 ],
					"MLE.moog::osc1duty" : [ 0.161538461538462 ],
					"MLE.moog::osc1gain" : [ 1.0 ],
					"MLE.moog::osc2_waveform" : [ 3 ],
					"MLE.moog::osc2detune" : [ 12.1 ],
					"MLE.moog::osc2duty" : [ 0.346153846153846 ],
					"MLE.moog::osc2gain" : [ 0.285035515814097 ],
					"MLE.moog::osc2octave" : [ 1 ],
					"MLE.moog::osc3-waveform" : [ 0 ],
					"MLE.moog::osc3detune" : [ 0.090439265788163 ],
					"MLE.moog::osc3duty" : [ 0.623076923076923 ],
					"MLE.moog::osc3gain" : [ 0.566826309327391 ],
					"MLE.moog::osc3octave" : [ 2 ],
					"MLE.moog::pitchLFO" : [ 0.0 ],
					"MLE.moog::pwmLFO" : [ 0.0 ],
					"MLE.moog::slop" : [ 0.084705970547778 ],
					"MLE.arpeggio[1]::arpeggioMode" : [ 3 ],
					"MLE.arpeggio[1]::octaveRange" : [ -2 ],
					"MLE.delay::Lowpass" : [ 0.52 ],
					"MLE.delay::delayLevel" : [ 0.352755905511811 ],
					"MLE.delay::delayTime" : [ 251 ],
					"MLE.delay::feedback" : [ 0.599842519685039 ]
				}

			}

		}

	}

}
