{
	"pattrstorage" : 	{
		"name" : "tappingPattrMaster",
		"slots" : 		{
			"1" : 			{
				"id" : 1,
				"data" : 				{
					"live.grid[1]" : [ 3, 8, 8, 0, 20, 0, 2, 5, 7, 1004, 1006, 2005, 2007, 3000, 3002, 4000, 4001, 4002, 4007, 5005, 6000, 6001, 6002, 6006, 7004, 2, 2, 2, 2, 2, 2, 2, 2 ],
					"MLE.reverb::damping" : [ 0.5 ],
					"MLE.reverb::diffusion" : [ 0.75 ],
					"MLE.reverb::drywet" : [ 65.0 ],
					"MLE.reverb::size" : [ 0.374622076492637 ],
					"MLE.reverb::time" : [ 0.174622076492637 ],
					"MLE.reverb::reverbFX" : [ -1 ],
					"MLE.delay::Lowpass" : [ 0.52 ],
					"MLE.delay::delayLevel" : [ 0.0 ],
					"MLE.delay::delayTime" : [ 375 ],
					"MLE.delay::feedback" : [ 0.281019608056628 ]
				}

			}

		}

	}

}
