{
	"pattrstorage" : 	{
		"name" : "_g_main",
		"slots" : 		{
			"1" : 			{
				"id" : 1,
				"data" : 				{
					"_len_max" : [ 0.02 ],
					"_len_min" : [ 0.01 ],
					"_sample_num" : [ 3 ],
					"_window_function" : [ 512.0, 0.0, 1.0, 11.082251082251082, 0.0, 0, 15.515151515151516, 0.962945642518298, 0, 117.471861471861473, 0.005844538884963, 0, 188.0, 0.055045871559633, 2, 512.0, 0.0, 0, "linear" ],
					"_window_quick" : [ 2 ],
					"_window_which" : [ 0 ],
					"b" : [ 2.6 ],
					"g" : [ 0.5 ],
					"r" : [ 1.0 ]
				}

			}
,
			"2" : 			{
				"id" : 2,
				"data" : 				{
					"_len_max" : [ 1.0 ],
					"_len_min" : [ 0.01 ],
					"_sample_num" : [ 6 ],
					"_window_function" : [ 512.0, 0.0, 1.0, 11.082251082251082, 0.0, 0, 15.515151515151516, 0.962945642518298, 0, 117.471861471861473, 0.005844538884963, 0, 188.0, 0.055045871559633, 2, 512.0, 0.0, 0, "linear" ],
					"_window_quick" : [ 2 ],
					"_window_which" : [ 1 ],
					"b" : [ 0.2 ],
					"g" : [ 1.42 ],
					"r" : [ 4.2 ]
				}

			}
,
			"3" : 			{
				"id" : 3,
				"data" : 				{
					"_len_max" : [ 0.1 ],
					"_len_min" : [ 0.1 ],
					"_sample_num" : [ 9 ],
					"_window_function" : [ 512.0, 0.0, 1.0, 11.082251082251082, 0.0, 0, 15.515151515151516, 0.962945642518298, 0, 117.471861471861473, 0.005844538884963, 0, 188.0, 0.055045871559633, 2, 512.0, 0.0, 0, "linear" ],
					"_window_quick" : [ 1 ],
					"_window_which" : [ 1 ],
					"b" : [ 0.4 ],
					"g" : [ 0.2 ],
					"r" : [ 2.0 ]
				}

			}
,
			"4" : 			{
				"id" : 4,
				"data" : 				{
					"_len_max" : [ 0.5 ],
					"_len_min" : [ 0.1 ],
					"_sample_num" : [ 12 ],
					"_window_function" : [ 512.0, 0.0, 1.0, 11.082251082251082, 0.0, 0, 15.515151515151516, 0.962945642518298, 0, 117.471861471861473, 0.005844538884963, 0, 188.0, 0.055045871559633, 2, 512.0, 0.0, 0, "linear" ],
					"_window_quick" : [ 1 ],
					"_window_which" : [ 0 ],
					"b" : [ 0.5 ],
					"g" : [ 0.2 ],
					"r" : [ 0.2 ]
				}

			}
,
			"5" : 			{
				"id" : 5,
				"data" : 				{
					"_len_max" : [ 0.5 ],
					"_len_min" : [ 0.1 ],
					"_sample_num" : [ 12 ],
					"_window_function" : [ 512.0, 0.0, 1.0, 11.082251082251082, 0.0, 0, 15.515151515151516, 0.962945642518298, 0, 117.471861471861473, 0.005844538884963, 0, 188.0, 0.055045871559633, 2, 512.0, 0.0, 0, "linear" ],
					"_window_quick" : [ 1 ],
					"_window_which" : [ 0 ],
					"b" : [ 1.0 ],
					"g" : [ 1.0 ],
					"r" : [ 1.0 ]
				}

			}
,
			"6" : 			{
				"id" : 6,
				"data" : 				{
					"_len_max" : [ 1.0 ],
					"_len_min" : [ 0.5 ],
					"_sample_num" : [ 11 ],
					"_window_function" : [ 512.0, 0.0, 1.0, 11.082251082251082, 0.0, 0, 15.515151515151516, 0.962945642518298, 0, 117.471861471861473, 0.005844538884963, 0, 188.0, 0.055045871559633, 2, 512.0, 0.0, 0, "linear" ],
					"_window_quick" : [ 1 ],
					"_window_which" : [ 0 ],
					"b" : [ 0.0 ],
					"g" : [ 0.0 ],
					"r" : [ 0.0 ]
				}

			}

		}

	}

}
